Page,Edits,Editors,Views
"The Idol (TV series)",299,105,14303395
"Spider-Man: Across the Spider-Verse",855,266,5901497
"Cleopatra",24,15,5770640
"ChatGPT",195,57,5723544
"Adipurush",996,169,5337008
"YouTube",27,15,4164632
"The Flash (film)",802,300,4025134
"Deaths in 2023",1743,169,3977664
"Wagner Group",169,101,3954572
"2023 Titan submersible incident",2,2,3600820
"Facebook",4,3,3522448
"Titanic",103,53,3321523
"Juneteenth",206,111,3272717
"The Little Mermaid (2023 film)",302,82,3244609
"Fast X",364,155,3178786
"Instagram",12,7,3078302
"Arnold Schwarzenegger",35,29,3068695
"Hamish Harding",406,192,3013121
"XXX (film series)",0,0,2755097
"XXX: Return of Xander Cage",2,2,2582026
"Lionel Messi",170,52,2539760
"Nikola Jokić",196,56,2459279
"Ted Kaczynski",298,115,2406145
"Transformers: Rise of the Beasts",277,84,2355020
"Robert F. Kennedy Jr.",168,72,2310559
"Sex",4,3,2178067
"Guardians of the Galaxy Vol. 3",154,61,2076113
"Yevgeny Prigozhin",154,88,2023575
"Treat Williams",418,112,2008906
"Extraction 2",206,105,1979651
"Spider-Man: Into the Spider-Verse",149,93,1967717
"2023 ICC World Test Championship final",247,52,1876874
"Wreck of the Titanic",178,121,1798661
"Shahzada Dawood",458,180,1749083
"Indiana Jones and the Dial of Destiny",490,199,1736860
"Elemental (2023 film)",375,114,1727626
"OceanGate",620,214,1727442
"List of Black Mirror episodes",86,48,1703076
"XXX",0,0,1662026
"Flipkart",12,7,1641239
"2023 Cricket World Cup",325,46,1632180
"Novak Djokovic",144,48,1631718
"Taylor Swift",107,29,1602342
"Julian Sands",305,135,1560791
"Omegle",6,5,1537642
"Cristiano Ronaldo",43,23,1535182
"Black Mirror",49,32,1502777
"Stockton Rush",410,168,1483032
"Avatar: The Way of Water",28,22,1463293
"XXXTentacion",8,8,1407591
"United States",125,36,1406476
"Wikipedia",37,21,1394836
"Zlatan Ibrahimović",133,51,1373225
"XXXX (beer)",9,8,1363886
"James Cameron",59,46,1362223
"List of American films of 2023",209,54,1356390
"Succession (TV series)",56,35,1316255
"No Hard Feelings (2023 film)",217,106,1311381
"Ansel Adams",3,3,1307290
"Ted Lasso",104,63,1304930
"Lily-Rose Depp",53,32,1293915
"India",32,18,1289381
"Secret Invasion (TV series)",260,107,1276348
"Andrew Tate",38,26,1267060
"Transformers (film series)",239,92,1265866
"Elton John",14,9,1261873
"The Super Mario Bros. Movie",150,57,1255588
"Byford Dolphin",32,19,1241272
"Elon Musk",64,19,1227813
"Ezra Miller",72,30,1216856
"Manchester City F.C.",148,50,1215718
"Google Translate",5,4,1204122
"2023 Cricket World Cup Qualifier",572,122,1188272
"Victor Wembanyama",80,40,1183903
"Twitter",39,24,1163620
"YNW Melly",13,8,1159860
"Silo (TV series)",121,44,1158147
"Russian invasion of Ukraine",156,47,1152992
"Donald Trump",235,55,1138018
"Oppenheimer (film)",63,32,1136054
"Elliot Page",25,15,1124912
"Maria Shriver",9,4,1119329
"Jennifer Lawrence",40,9,1113807
"Harrison Ford",14,12,1101667
"Wagner Group rebellion",2232,334,1098084
"J. Robert Oppenheimer",13,8,1097571
".xxx",0,0,1091803
"Kamala Sohonie",30,23,1088882
"Michael Jordan",27,16,1086155
"Inter Miami CF",127,79,1082196
"Titanic (1997 film)",27,18,1073849
"Money in the Bank (2023)",484,85,1050158
"Eid al-Adha",80,46,1028016
"Father's Day",41,34,1026852
"Alia Bhatt",12,8,1020648
"Joe Biden",57,29,1018429
"UEFA Champions League",21,18,1014789
"Never Have I Ever (TV series)",211,83,1011384
"Asteroid City",219,101,1005308
"Silvio Berlusconi",351,98,987454
"Matt Rife",?,?,983638
"2023 in film",?,?,978775
"French Open",?,?,975998
"Extraction (2020 film)",?,?,943953
"John Wick: Chapter 4",?,?,936010
"Deepsea Challenger",?,?,933811
"2021–2023 ICC World Test Championship",?,?,932503
"My Fault (film)",?,?,929788
"Lewis Capaldi",?,?,926967
"Mariana Trench",?,?,905665
"Brownie (folklore)",?,?,903628
"Aadhaar",?,?,903463
"Pep Guardiola",?,?,902555
"WhatsApp",?,?,902012
"Sinking of the Titanic",?,?,881434
"From (TV series)",?,?,878264
"Erling Haaland",?,?,876532
"Maitreyi Ramakrishnan",?,?,867474
"Google",?,?,862097
"Tina Turner",?,?,854205
"The Boogeyman (2023 film)",?,?,853719
"Maryland",?,?,849576
"Chris Hemsworth",?,?,849365
"Wyndham Clark",?,?,847085
"Karim Benzema",?,?,841243
"Al Pacino",?,?,841195
"Gmail",?,?,840783
"Diablo IV",?,?,840409
"ICC World Test Championship",?,?,838245
"The Bear (TV series)",?,?,835078
"Fast & Furious",?,?,834462
"2023 NBA draft",?,?,833205
"Reality Winner",?,?,828791
"Sylvester Stallone",?,?,824048
"İlkay Gündoğan",?,?,823418
"Hypnotic (2023 film)",?,?,822355
"Kepler's Supernova",?,?,820392
"LeBron James",?,?,820260
"Golshifteh Farahani",?,?,817807
"Final Fantasy XVI",?,?,815512
"Manifest (TV series)",?,?,812212
"2023–24 UEFA Champions League",?,?,808874
"The Eras Tour",?,?,808682
"Guy Ritchie's The Covenant",?,?,806709
"Indiana Jones",?,?,803906
"Fukushima nuclear disaster",?,?,792494
"Robert F. Kennedy",?,?,787038
"George III",?,?,784861
"Spider-Man 2099",?,?,780255
"Tom Cruise",?,?,779262
"Jude Bellingham",?,?,776060
"Carlos Alcaraz",?,?,774907
"XNXX",?,?,774605
"XXX (2002 film)",?,?,773410
"Keanu Reeves",?,?,769868
"Iga Świątek",?,?,765754
"Vladimir Putin",?,?,762565
"Tom Holland",?,?,760322
"Russia",?,?,757677
"Paul-Henri Nargeolet",?,?,755814
"Danny Masterson",?,?,750646
"Rickie Fowler",?,?,750478
"Zendaya",?,?,749774
"Om Raut",?,?,741559
"United Kingdom",?,?,740524
"List of Marvel Cinematic Universe films",?,?,730846
"Clint Eastwood",?,?,729198
"List of inventors killed by their own invention",?,?,722780
"Elizabeth II",?,?,720655
"Bill Gothard",?,?,715662
"The Weeknd",?,?,715333
"Ryan Mallett",?,?,711382
"Michael Jackson",?,?,709295
"Pat Robertson",?,?,708693
"Ange Postecoglou",?,?,706619
"2023 Odisha train collision",?,?,701539
"Challenger Deep",?,?,699792
"The Kerala Story",?,?,697321
"Artificial intelligence",?,?,696242
"Coral Castle",?,?,695862
"Australia",?,?,695235
"Mount Takahe",?,?,694350
"Leonardo DiCaprio",?,?,691753
"List of NBA champions",?,?,691320
"World War II",?,?,688010
"John F. Kennedy",?,?,683316
"Madonna",?,?,681914
"Hailee Steinfeld",?,?,680494
"Marilyn Monroe",?,?,679254
"The Pirate Bay",?,?,677256
"Charles III",?,?,675379
"List of highest-grossing films",?,?,674532
"Neatsville, Kentucky",?,?,670146
"The Ashes",?,?,663094
"Cat Stevens",?,?,662419
"Chris Pratt",?,?,661407
"Charlotte of Mecklenburg-Strelitz",?,?,660702
"Queen Victoria",?,?,658246
"Adolf Hitler",?,?,654943
"Axl Rose",?,?,652895
"Glenda Jackson",?,?,651384
"Jamal Murray",?,?,650066
"Cormac McCarthy",?,?,647371
"Kanye West",?,?,647283
"Alan Arkin",?,?,647173
"Canada",?,?,647162
"Japan",?,?,646305
"Kylian Mbappé",?,?,646051
"Kourtney Kardashian",?,?,646024
"Kate Mara",?,?,645819
"Kandahar (2023 film)",?,?,645331
"The Iron Sheik",?,?,639560
"Barbie (film)",?,?,639446
"Phillip Schofield",?,?,638807
"Gary Plauché",?,?,636887
"Johnny Depp",?,?,635803
"Null",?,?,635556
"Guns N' Roses",?,?,635511
"Russo-Ukrainian War",?,?,635069
"The Crowded Room",?,?,633841
"Evil Dead Rise",?,?,631377
"Wagner Group mutiny",?,?,630820
"Lewis Hamilton",?,?,630546
"China",?,?,629867
"Richard Montañez",?,?,629336
"Forbidden Door (2023)",?,?,628682
"Barack Obama",?,?,628260
"Katherine Schwarzenegger",?,?,627944
"Denver Nuggets",?,?,627772
"OpenAI",?,?,627102
"Hannah Waddingham",?,?,626961
"Premier League",?,?,623061
"Slash (musician)",?,?,622272
"Salma Hayek",?,?,621653
"Dwayne Johnson",?,?,620495
"Sasha Calle",?,?,617785
"Manchester United F.C.",?,?,617001
"List of Hindi films of 2023",?,?,614852
"Wes Anderson",?,?,613345
"Conor McGregor",?,?,612063
"RuPaul's Drag Race All Stars (season 8)",?,?,611569
"XXX: State of the Union",?,?,609390
"Cat",?,?,607482
"New York City",?,?,604785
"Bruce Willis",?,?,603865
"Halle Bailey",?,?,601546
"2024 United States presidential election",?,?,598460
"Elvis Presley",?,?,596058
"Real Madrid CF",?,?,591056
"George Michael",?,?,589941
"Avatar (2009 film)",?,?,588038
"UEFA Euro 2024 qualifying",?,?,584181
"2023 French Open",?,?,584078
"Casper Ruud",?,?,583927
"YouTube Music",?,?,583710
"Silo (series)",?,?,583259
"Creed III",?,?,582526
"OceanGate, Inc.",?,?,582186
"Chelsea F.C.",?,?,582152
"Debbie Harry",?,?,580436
"Virat Kohli",?,?,579808
"Raindrop cake",?,?,577192
"Jason Sudeikis",?,?,576820
"Jimmy Butler",?,?,575482
"BBC World Service",?,?,574717
"Internet",?,?,574108
"Robert De Niro",?,?,573335
"Ron DeSantis",?,?,572431
"Vin Diesel",?,?,572288
"Shaquille O'Neal",?,?,571380
"UFC 289",?,?,568697
"Rory McIlroy",?,?,567553
"Eminem",?,?,566123
"Kaley Cuoco",?,?,564994
"Scarlett Johansson",?,?,564836
"Margot Robbie",?,?,563974
"Narendra Modi",?,?,563637
"Vanessa Paradis",?,?,562840
"Mission: Impossible (film series)",?,?,560164
"The Witcher (TV series)",?,?,559443
"Jason Momoa",?,?,559336
"Colleen Ballinger",?,?,559002
"Bijou Phillips",?,?,558801
"World War I",?,?,558076
"David Beckham",?,?,557372
"Miles Morales",?,?,556606
"2023 UEFA Champions League final",?,?,556323
"Asur (web series)",?,?,555478
"Beyoncé",?,?,553232
"Tupac Shakur",?,?,553058
"2023 Asia Cup",?,?,552909
"Kate Winslet",?,?,551768
"Ryan Reynolds",?,?,550545
"Joseph Baena",?,?,550081
"Kai Havertz",?,?,548561
"Implosion (mechanical process)",?,?,547700
"Inter Milan",?,?,547509
"YouTube Premium",?,?,546920
"YouTube Kids",?,?,545886
"Travis Barker",?,?,545747
"Rafael Nadal",?,?,545256
"Freddie Mercury",?,?,544134
"Wikimedia Foundation",?,?,540749
"Malaysia Airlines Flight 370",?,?,540586
"List of Grand Slam men's singles champions",?,?,539474
"Cheryl Hines",?,?,538740
"Singapore",?,?,537851
"OnlyFans",?,?,537209
"Sisu (film)",?,?,536280
"Jenna Ortega",?,?,534423
"Bloody Daddy",?,?,533600
"Jared Fogle",?,?,533242
"Kursk submarine disaster",?,?,533217
"Antilia (building)",?,?,532705
"List of European Cup and UEFA Champions League finals",?,?,532344
"Bayes' theorem",?,?,532156
"UEFA Nations League",?,?,530992
"Chris Paul",?,?,530635
"Declan Rice",?,?,530451
"DSV Limiting Factor",?,?,529974
"Reddit",?,?,529358
"Algebraic notation (chess)",?,?,526506
"Jeremy Renner",?,?,526098
"Tom Hanks",?,?,525885
"Kraven the Hunter",?,?,525361
"Ryan Gosling",?,?,523931
"USS Thresher (SSN-593)",?,?,523252
"Robert Hanssen",?,?,521274
"Henry Cavill",?,?,521021
"Kraven the Hunter (film)",?,?,519751
"G",?,?,518375
"Megan Fox",?,?,515769
"Neymar",?,?,512836
"List of states and territories of the United States",?,?,511776
"2023 FIFA U-20 World Cup",?,?,510354
"Josh Duggar",?,?,509908
"FUBAR (TV series)",?,?,507381
"Vegas Golden Knights",?,?,506543
"Suits index",?,?,506495
"Kobe Bryant",?,?,504743
"2023 French Open – Men's singles",?,?,504247
"Rebecca Ferguson",?,?,504239
"Tamannaah Bhatia",?,?,503688
"Harry Styles",?,?,502594
"Ukraine",?,?,501286
"Jeffrey Dahmer",?,?,500623
"Ana de Armas",?,?,499872
"BTS",?,?,499734
"Challengers (film)",?,?,499088
"Lana Del Rey",?,?,498872
"Turkey",?,?,497012
"Pakistan",?,?,496735
"Kate Beckinsale",?,?,495908
"2018 (film)",?,?,495321
"David Corenswet",?,?,495246
"Ice Spice",?,?,494718
"Microsoft Windows",?,?,494489
"Lavanya Tripathi",?,?,494436
"Hunter Biden",?,?,493868
"Pete Davidson",?,?,493401
"MS Dhoni",?,?,491931
"Prabhas",?,?,491680
"Germany",?,?,491482
"Priyanka Chopra",?,?,490387
"2023 CONCACAF Gold Cup",?,?,488821
"Meta Platforms",?,?,488574
"Nicolas Cage",?,?,487657
"Jelly Roll (singer)",?,?,487605
"Dave Grohl",?,?,485753
"Google Maps",?,?,482142
"Albert Einstein",?,?,481105
"Seven deadly sins",?,?,480386
"2023 Formula One World Championship",?,?,479566
"Email",?,?,479334
"Whitney Houston",?,?,478394
"Brad Pitt",?,?,477764
"Paul Walker",?,?,477188
"Alexis Mac Allister",?,?,474323
"Raiders of the Lost Ark",?,?,474073
"Stan Kroenke",?,?,472327
"Jack Grealish",?,?,471978
"Celine Dion",?,?,470856
"Marvel Cinematic Universe",?,?,470743
"Billy Crudup",?,?,470411
"Spider-Man",?,?,470410
"The Pope's Exorcist",?,?,470289
"Jamie Foxx",?,?,469449
"Netflix",?,?,468742
"Alex Turner",?,?,468708
"JSON-LD",?,?,468627
"Angelina Jolie",?,?,468095
"Jason Statham",?,?,468038
"Beyond the Sea (Black Mirror)",?,?,466047
"HMHS Britannic",?,?,464628
"Harry Kane",?,?,464465
"Vivek Ramaswamy",?,?,464034
"Paul McCartney",?,?,463997
"Pat Sajak",?,?,463299
"FC Barcelona",?,?,463239
"Sydney Sweeney",?,?,462496
"Taj Mahal",?,?,461247
"2023–24 UEFA Europa Conference League",?,?,460505
"Timothée Chalamet",?,?,459934
"Amanda Nunes",?,?,459907
"Steven Spielberg",?,?,459193
"Michael J. Fox",?,?,458863
"Dua Lipa",?,?,458684
"Ben Affleck",?,?,458556
"Prince (musician)",?,?,458541
"Jack Smith (lawyer)",?,?,458511
"Robin Williams",?,?,457508
"MrBeast",?,?,456772
"Vijay Varma",?,?,456174
"2023",?,?,456158
"Yellowstone (American TV series)",?,?,456041
"Vanna White",?,?,455905
"Ant-Man and the Wasp: Quantumania",?,?,455731
"123Movies",?,?,455309
"Demon Slayer: Kimetsu no Yaiba",?,?,453811
"Abdullah II of Jordan",?,?,453221
"Aaron Gordon",?,?,453133
"List of countries by GDP (nominal)",?,?,452931
"Character.ai",?,?,452597
"Cascatelli",?,?,452280
"Interstellar (film)",?,?,452130
"Saudi Arabia",?,?,451844
"Elizabeth Holmes",?,?,450910
"Wiki",?,?,449383
"Jeremy Allen White",?,?,449281
"Kim Kardashian",?,?,449074
"Matty Healy",?,?,447524
"Kevin Costner",?,?,446975
"Annie Murphy",?,?,446927
"Jennifer Lopez",?,?,446368
"Mason Mount",?,?,445667
"France",?,?,444489
"Naomi Watts",?,?,444357
"Monica Barbaro",?,?,443882
"Hussain Dawood",?,?,443256
"Candy Montgomery",?,?,443247
"Generation Z",?,?,442017
"A",?,?,438164
"Karolína Muchová",?,?,437493
"English language",?,?,436487
"Liverpool F.C.",?,?,436391
"Christopher Nolan",?,?,435888
"Soviet Union",?,?,435870
"Roger Federer",?,?,435427
"Rachel Brosnahan",?,?,435359
"Dharmendra",?,?,435236
"Christian Braun (basketball)",?,?,434838
"India national cricket team",?,?,434514
"Spot (comics)",?,?,432718
"Steve Jobs",?,?,432350
"Arctic Monkeys",?,?,432288
"2023 Ashes series",?,?,431680
"Philippines",?,?,431670
"Patrick Schwarzenegger",?,?,431262
"Catherine the Great",?,?,430747
"Indian Premier League",?,?,429979
"Calista Flockhart",?,?,429406
"Ponniyin Selvan: II",?,?,429132
"Romelu Lukaku",?,?,427685
"Mission: Impossible – Dead Reckoning Part One",?,?,427614
"Jimmy Carter",?,?,427375
"Franklin D. Roosevelt",?,?,426883
"Indonesia",?,?,426466
"Foo Fighters",?,?,425577
"Jason Schwartzman",?,?,425375
"Kieran Culkin",?,?,425221
"24 Hours of Le Mans",?,?,424317
"Roman Reigns",?,?,424085
"Bangladesh",?,?,423967
"Vijay (actor)",?,?,423897
"2022 FIFA World Cup",?,?,423005
"Jason Bateman",?,?,422880
"Pathaan (film)",?,?,422473
"Argentina national football team",?,?,421865
"Pedro Pascal",?,?,421793
"Dungeons & Dragons: Honor Among Thieves",?,?,421167
"Mahatma Gandhi",?,?,420865
"2023 Canadian wildfires",?,?,420185
"X (2022 film)",?,?,419601
"Robert Downey Jr.",?,?,418250
"Muhammad Ali",?,?,417785
"2023 FIVB Volleyball Women's Nations League",?,?,416439
"Harry Potter (film series)",?,?,415909
"Trieste (bathyscaphe)",?,?,415669
"West Ham United F.C.",?,?,414994
"Meghan, Duchess of Sussex",?,?,414956
"Yandex",?,?,414902
"Vande Bharat Express",?,?,414162
"Cillian Murphy",?,?,413782
"Jennifer Aniston",?,?,413723
"2024 Republican Party presidential primaries",?,?,413708
"Star Trek: Strange New Worlds",?,?,413652
"Yellowjackets (TV series)",?,?,412841
"Blake Lively",?,?,410851
"John Jacob Astor IV",?,?,410623
"Arsenal F.C.",?,?,409677
"Al Nassr FC",?,?,409481
"Microsoft 365",?,?,409034
"Christopher Reeve",?,?,408647
"Georgia (country)",?,?,408482
"Young Sheldon",?,?,408458
"Shameik Moore",?,?,408279
"List of James Bond films",?,?,408098
"Olivia Thirlby",?,?,407419
"Netherlands",?,?,406812
"Val Kilmer",?,?,406810
"Kim Petras",?,?,406422
"September 11 attacks",?,?,406260
"Natalie Portman",?,?,405639
"Nick Cannon",?,?,404490
"The Batman (film)",?,?,404121
"Willi Ninja",?,?,403755
"Beetlejuice (entertainer)",?,?,403510
"Selena Gomez",?,?,403111
"Scoot Henderson",?,?,402638
"Oshi no Ko",?,?,402601
"Dr. Romantic",?,?,402336
"Video hosting service",?,?,402294
"Judy Garland",?,?,401096
"Jennie (singer)",?,?,398700
"Chernobyl disaster",?,?,398050
"Reality (2023 film)",?,?,398011
"Apple Inc.",?,?,397209
"Serena Williams",?,?,396866
"India national football team",?,?,396389
"Gumraah (2023 film)",?,?,396298
"RDFa",?,?,395564
"Hussein, Crown Prince of Jordan",?,?,395232
"London",?,?,395077
"Joselu",?,?,395043
"California",?,?,394800
"Shannen Doherty",?,?,394775
"2026 FIFA World Cup",?,?,394291
"Abraham Lincoln",?,?,393978
"William Shakespeare",?,?,393847
"Jon Hamm",?,?,393415
"United Arab Emirates",?,?,393158
"Mr. T",?,?,393023
"Shia LaBeouf",?,?,392946
"Sunny Deol",?,?,392334
"Will Arnett",?,?,392197
"Spider-Punk",?,?,391958
"Major League Soccer",?,?,391911
"Jake Gyllenhaal",?,?,391724
"Napoleon",?,?,390833
"Jonathan Majors",?,?,390671
"2 Girls 1 Cup",?,?,389893
"2023 FIFA Women's World Cup",?,?,389877
"Ariana Grande",?,?,389824
"Vicky Kaushal",?,?,388820
"Mike Tyson",?,?,388795
"South Africa",?,?,388552
"David Bowie",?,?,388551
"Will Poulter",?,?,388495
"Italy",?,?,387964
"Mia Khalifa",?,?,387926
"Rishi Sunak",?,?,387645
"Brett Goldstein",?,?,387589
"Shazam! Fury of the Gods",?,?,387280
"Pinterest",?,?,386842
"Elizabeth Olsen",?,?,386790
"Alexander the Great",?,?,386648
"Eva Longoria",?,?,385582
"UEFA Europa Conference League",?,?,385512
"Starfield (video game)",?,?,385371
"Flamin' Hot",?,?,385010
"Spider-Man: No Way Home",?,?,383684
"Jeff Bezos",?,?,383181
"Belarus",?,?,383132
"Air (2023 film)",?,?,383032
"2022–23 UEFA Champions League",?,?,382099
"Taiwan",?,?,381845
"Mark Wahlberg",?,?,381647
"Demon Slayer: Kimetsu no Yaiba (season 3)",?,?,381087
"Dakota Johnson",?,?,380551
"Kriti Sanon",?,?,380530
"FIFA World Cup",?,?,380202
"Ronald Reagan",?,?,380040
"Microdata (HTML)",?,?,380024
"2023 SAFF Championship",?,?,379667
"Israel",?,?,379046
"Boris Johnson",?,?,378955
"Vietnam War",?,?,378949
"Sarah Snook",?,?,378932
"Zoe Saldaña",?,?,378862
"Ashwini Vaishnaw",?,?,378750
"Lisa Marie Presley",?,?,378596
"2023 AFC U-17 Asian Cup",?,?,378164
"Emilia Clarke",?,?,378108
"Rodri (footballer, born 1996)",?,?,377570
"Queen Rania of Jordan",?,?,377269
"Drew Barrymore",?,?,377015
"Sergei Shoigu",?,?,376961
"Kareem Abdul-Jabbar",?,?,376950
"Switzerland",?,?,376949
"List of Pixar films",?,?,376129
"The Last of Us (TV series)",?,?,376037
"Earth",?,?,375938
"Kylie Minogue",?,?,375929
"Jeffrey Epstein",?,?,375329
"Awkwafina",?,?,375268
"Serbia",?,?,375235
"Nikki Haley",?,?,375172
"2023 24 Hours of Le Mans",?,?,375139
"Ruby Gillman, Teenage Kraken",?,?,374193
"FA Cup",?,?,373805
"Olivia Chow",?,?,373094
"George Soros",?,?,372752
"Darren Barnet",?,?,372644
"Aaron Taylor-Johnson",?,?,372475
"Minecraft",?,?,372432
"Los Angeles",?,?,372075
"Periodic table",?,?,371945
"Zara Hatke Zara Bachke",?,?,371924
"Marvin Heemeyer",?,?,371655
"Stephen Curry",?,?,371554
"Satyaprem Ki Katha",?,?,370871
"Ottoman Empire",?,?,370572
"Paul Simon",?,?,370323
"Anna Nicole Smith",?,?,370299
"American Civil War",?,?,370026
"Amazon (company)",?,?,369679
"Amanda Seyfried",?,?,369636
"Edward Smith (sea captain)",?,?,369125
"Marvel Cinematic Universe: Phase Five",?,?,369119
"Gal Gadot",?,?,368828
"Asur (Indian web series)",?,?,368809
"Sarah Jessica Parker",?,?,368784
"The Beatles",?,?,368243
"Miley Cyrus",?,?,368204
"Shah Rukh Khan",?,?,368197
"John Lennon",?,?,368083
"Rose Byrne",?,?,367909
"FIFA U-20 World Cup",?,?,367788
"Outlander (TV series)",?,?,367555
"Bazball",?,?,367550
"Prowler (Marvel Comics)",?,?,367548
"Mansour bin Zayed Al Nahyan",?,?,367502
"Suits (American TV series)",?,?,367487
"History of YouTube",?,?,367287
"Mary Tyler Moore",?,?,367155
"Jayne Mansfield",?,?,367074
"TikTok",?,?,366597
"George V",?,?,366550
"The Marvelous Mrs. Maisel",?,?,366427
"Brazil",?,?,366200
"List of railway accidents and incidents in India",?,?,365866
"Max Verstappen",?,?,364777
"Breaking Bad",?,?,364533
"The Walking Dead: Dead City",?,?,364229
"Ed Sheeran",?,?,364048
"Uniform Civil Code",?,?,364033
"UEFA Euro 2024",?,?,363711
"Henry VIII",?,?,363605
"George VI",?,?,362405
"Michael Malone (basketball)",?,?,362167
"Matthew McConaughey",?,?,362162
"Rick Astley",?,?,362149
"N'Golo Kanté",?,?,362144
"Joseph Stalin",?,?,361956
"Barry (TV series)",?,?,361805
"Jackie Chan",?,?,360799
"List of highest-grossing Indian films",?,?,360439
"New Zealand",?,?,360330
"Glastonbury Festival",?,?,359986
"2023 Writers Guild of America strike",?,?,359587
"Eden Hazard",?,?,358685
"Tottenham Hotspur F.C.",?,?,358581
"Kim Cattrall",?,?,358074
"Shakira",?,?,358051
"Alexander Skarsgård",?,?,357914
"Adam Sandler",?,?,357911
"UEFA Europa League",?,?,357802
"Maamannan",?,?,357769
"SAFF Championship",?,?,357309
"Game of Thrones",?,?,357299
"Cyclone Biparjoy",?,?,357292
"Dolly Parton",?,?,357242
"RMS Olympic",?,?,356720
"Olga Kurylenko",?,?,355875
"Murder of XXXTentacion",?,?,355776
"Android (operating system)",?,?,355457
"Emma Watson",?,?,354856
"Michael Keaton",?,?,354590
"List of ethnic slurs",?,?,354305
"Slipknot (band)",?,?,354272
"John Cena",?,?,354218
"Bloodhounds (South Korean TV series)",?,?,353590
"Scott Carson",?,?,353556
"Sex and the City",?,?,352936
"Manoj Muntashir",?,?,352827
"Scoop (Indian TV series)",?,?,352627
"Aubrey Plaza",?,?,352583
"Kylie Jenner",?,?,351271
"List of countries and dependencies by population",?,?,351233
"Unit 731",?,?,350706
"Queen Charlotte: A Bridgerton Story",?,?,350697
"Emily Blunt",?,?,350205
"Oscar Isaac",?,?,350133
"Leo (2023 Indian film)",?,?,349923
"Twitch (service)",?,?,349920
"Pornhub",?,?,349180
"Al-Ittihad Club (Jeddah)",?,?,349052
"Rihanna",?,?,348795
"Lance Reddick",?,?,348451
"Ted Bundy",?,?,348357
"One Piece",?,?,348079
"Steve Huffman",?,?,347953
"George Clooney",?,?,347904
"Josh Hartnett",?,?,347838
"Queens of the Stone Age",?,?,347802
"England",?,?,347576
"Che Guevara",?,?,347144
"Melissa McCarthy",?,?,347107
"Euphoria (American TV series)",?,?,346980
"1337x",?,?,346771
"Lady Gaga",?,?,346570
"Rostov-on-Don",?,?,346470
"Liam Hemsworth",?,?,346464
"John Gotti",?,?,346359
"Turkish Radio and Television Corporation",?,?,346286
"Riley Keough",?,?,346157
"Isidor Straus",?,?,345542
"Salman Khan",?,?,345219
"Michelle Rodriguez",?,?,345195
"Julia Roberts",?,?,345189
"Armie Hammer",?,?,343602
"Olivia Wilde",?,?,343496
"List of Demon Slayer: Kimetsu no Yaiba episodes",?,?,343315
"Indiana Jones and the Kingdom of the Crystal Skull",?,?,343123
"Shubman Gill",?,?,342977
"Keri Russell",?,?,342709
"Devdatta Nage",?,?,342064
"Microsoft Office",?,?,341987
"John Mulaney",?,?,341968
"Malaysia",?,?,341937
"Stephen Hawking",?,?,341850
"Rina Sawayama",?,?,341807
"Portugal",?,?,340808
"Amen Thompson",?,?,340757
"BBC",?,?,340034
"Mark Zuckerberg",?,?,339894
"MasterChef Australia (series 15)",?,?,339337
"Zeitpyramide",?,?,339313
"Normandy landings",?,?,339160
"Transformers (film)",?,?,338977
"Windows Server 2016",?,?,338958
"2023–24 Premier League",?,?,338388
"Brian Cox (actor)",?,?,338326
"Dmitry Utkin",?,?,338227
"Cruel Summer (TV series)",?,?,337750
"Mount Everest",?,?,337740
"Malta",?,?,337573
"Jennifer Connelly",?,?,337118
"Saudi Professional League",?,?,337106
"XO, Kitty",?,?,336458
"Pooja Bhatt",?,?,336432
"Bebe Rexha",?,?,336407
"The Walking Dead (TV series)",?,?,336261
"Idris Elba",?,?,336115
"E. Howard Hunt",?,?,335951
"Spain",?,?,335617
"Windows Server 2019",?,?,335203
"Sean Connery",?,?,334999
"A. P. J. Abdul Kalam",?,?,334970
"Harvey Weinstein",?,?,334963
"Charles Oliveira",?,?,334911
"Billy Milligan",?,?,334619
"Indiana Jones and the Temple of Doom",?,?,334384
"Anya Taylor-Joy",?,?,334251
"Juno Temple",?,?,334168
"Paris Saint-Germain F.C.",?,?,334062
"Jesus",?,?,334003
"Jeffrey Dean Morgan",?,?,333786
"Pirates of the Caribbean (film series)",?,?,333329
"Blue Ivy Carter",?,?,333082
"List of people who descended to Challenger Deep",?,?,333077
"Submarine",?,?,332450
"Bumblebee (film)",?,?,332035
"2023 French Open – Women's singles",?,?,331846
"Natasha Lyonne",?,?,331796
"Shohei Ohtani",?,?,331150
"Video",?,?,331122
"Microsoft Exchange Server",?,?,330877
"2023 Ukrainian counteroffensive",?,?,330818
"Phoebe Waller-Bridge",?,?,330637
"Nightbirde",?,?,330490
"Kevin De Bruyne",?,?,330253
"Taylor Hawkins",?,?,329740
"King the Land",?,?,329502
"Peni Parker",?,?,329100
"Transformers: The Last Knight",?,?,329008
"Internet Explorer 11",?,?,328979
"James Marsden",?,?,328797
"Email client",?,?,328323
"Brooklyn",?,?,328280
"Dune (2021 film)",?,?,328262
"Cyprus",?,?,328109
"Pichaikkaran 2",?,?,327972
"F9 (film)",?,?,327851
"HTTP 404",?,?,327728
"Genghis Khan",?,?,327598
"Nicole Wallace (actress)",?,?,327581
"Bruce Lee",?,?,327549
"Zion Williamson",?,?,327410
"Stanley Tucci",?,?,327310
"Elsa Pataky",?,?,327241
"Mila Kunis",?,?,326905
"The Mother (2023 film)",?,?,326589
"Henry Kissinger",?,?,326339
"Audrey Hepburn",?,?,326217
"BlackRock",?,?,325993
"Winston Churchill",?,?,325850
"Muhammad",?,?,325502
"1989 Tiananmen Square protests and massacre",?,?,325251
"Bill Walton",?,?,325231
"Argentina",?,?,325144
"Sara Ali Khan",?,?,325113
"Ariel Castro kidnappings",?,?,324977
"Eva Mendes",?,?,324781
"Iran",?,?,324751
"Dwyane Wade",?,?,324681
"Billie Eilish",?,?,324601
"Mateo Kovačić",?,?,324378
"Vietnam",?,?,324352
"The Rookie (TV series)",?,?,324343
"Chris Christie",?,?,324316
"Alternative versions of Spider-Man",?,?,324263
"Europe",?,?,324028
"Top Gun: Maverick",?,?,323922
"Peaky Blinders (TV series)",?,?,323741
"Based on a True Story (TV series)",?,?,323698
"DC Extended Universe",?,?,323633
"2023 UEFA European Under-21 Championship",?,?,323430
"Client access license",?,?,323404
"2020 United States presidential election",?,?,323325
"Microsoft Office Mix",?,?,323304
"Bill Paxton",?,?,323188
"List of Microsoft 365 Applications",?,?,322829
"2023–24 UEFA Europa League",?,?,322815
"IOS",?,?,322799
"George W. Bush",?,?,322457
"Anne Frank",?,?,322327
"Josh Freese",?,?,322312
"To Catch a Killer (2023 film)",?,?,322107
"Ireland",?,?,322102
"Egypt",?,?,321906
"Princess Rajwa Al Hussein",?,?,321818
"Michael Cimino (actor)",?,?,321705
"Asaram",?,?,321642
"North America",?,?,321483
"C (programming language)",?,?,321329
"Hell's Paradise: Jigokuraku",?,?,320935
"Stranger Things",?,?,320893
"Pablo Escobar",?,?,320409
"RRR (film)",?,?,320275
"Afghanistan",?,?,320135
"Poland",?,?,319967
"Sweden",?,?,319910
"Renaissance World Tour",?,?,319758
"Kisi Ka Bhai Kisi Ki Jaan",?,?,319757
"Edward VIII",?,?,319657
"Atomic bombings of Hiroshima and Nagasaki",?,?,319555
"Thailand",?,?,319267
"Jonah Hauer-King",?,?,318977
"Download",?,?,318814
"Bruno Mars",?,?,318602
"Gabriel Macht",?,?,318539
"It's Always Sunny in Philadelphia",?,?,318330
"Kennedy family",?,?,318240
"List of United States cities by population",?,?,318038
"Croatia",?,?,317560
"Everything Everywhere All at Once",?,?,317442
"Bill Skarsgård",?,?,316810
"John Travolta",?,?,316504
"Cisgender",?,?,315647
"MacOS",?,?,315566
"Mel Gibson",?,?,315519
"The Little Mermaid (1989 film)",?,?,315330
"List of Horrible Histories (2009 TV series) episodes",?,?,315212
"Sage Stallone",?,?,315019
"Bill Hader",?,?,314956
"Windows 10 version history",?,?,314803
"Eunice Kennedy Shriver",?,?,314786
"Julius Caesar",?,?,314541
"Anthony Ramos",?,?,314295
"Alexandra Daddario",?,?,314174
"Priscilla Presley",?,?,313678
"2023 UEFA Nations League Finals",?,?,313650
"Frank Sinatra",?,?,313285
"Edward VII",?,?,313095
"Kamala Harris",?,?,313045
"Aniyan Midhun",?,?,312966
"Astrud Gilberto",?,?,312870
"Bradley Cooper",?,?,312832
"Jim Carrey",?,?,312811
"The Boys (TV series)",?,?,312541
"List of UFC events",?,?,312427
"Chrissie Hynde",?,?,312250
"Theodore Roosevelt",?,?,311926
"65 (film)",?,?,311575
"Heath Ledger",?,?,311481
"Cher",?,?,311232
"Beau Is Afraid",?,?,310963
"Heavenly Delusion",?,?,310777
"Avatar 3",?,?,310722
"Ronaldo (Brazilian footballer)",?,?,310678
"Jet Li",?,?,310673
"Justin Bieber",?,?,310251
"Jury Duty (2023 TV series)",?,?,310222
"Michael B. Jordan",?,?,310195
"Casualties of the Russo-Ukrainian War",?,?,310000
"Kurt Cobain",?,?,309383
"Hong Kong",?,?,308681
"Lilith",?,?,308570
"South Korea",?,?,308558
"The Whale (2022 film)",?,?,308521
"070 Shake",?,?,308156
"Charlize Theron",?,?,308143
"Macaulay Culkin",?,?,307988
"Linda Hamilton",?,?,307919
"Jeremy Strong (actor)",?,?,307903
"Jordan Peterson",?,?,307428
"Ayo Edebiri",?,?,306795
"Saif Ali Khan",?,?,306490
"Paul Bernardo",?,?,306476
"White Star Line",?,?,306429
"Sexual intercourse",?,?,306407
"Bernard Arnault",?,?,306301
"Emma Roberts",?,?,306037
"BRICS",?,?,306036
"Mexico",?,?,305996
"Bam Adebayo",?,?,305994
"Kathleen Folbigg",?,?,304647
"Charlie Sheen",?,?,304630
"Blondie (band)",?,?,304332
"The Righteous Gemstones",?,?,303916
"Bill Murray",?,?,303577
"Grey's Anatomy",?,?,303262
"Millie Bobby Brown",?,?,302236
"Lockheed Martin F-35 Lightning II",?,?,302092
"Affirmative action",?,?,301970
"UFC on ABC: Emmett vs. Topuria",?,?,301864
"Andrew Barth Feldman",?,?,301856
"Katrina Kaif",?,?,301789
"Tori Bowie",?,?,301762
"Brandon Flowers",?,?,301544
"Magic Johnson",?,?,301168
"The White Lotus",?,?,301130
"Danny DeVito",?,?,300858
"Folarin Balogun",?,?,300840
"Roman Empire",?,?,300825
"Ponniyin Selvan: I",?,?,300788
"Sofía Vergara",?,?,300781
"Florence Pugh",?,?,300649
"Dylan Mulvaney",?,?,300429
"Diana, Princess of Wales",?,?,300286
"Pink (singer)",?,?,299920
"Brie Larson",?,?,299680
"Shiva",?,?,299515
"Floyd Mayweather Jr.",?,?,299326
"National Basketball Association",?,?,298986
"Opinion polling for the next United Kingdom general election",?,?,298645
"List of top international men's football goal scorers by country",?,?,298591
"LinkedIn",?,?,298364
"Amber Heard",?,?,298331
"Loch Henry",?,?,298254
"Samuel L. Jackson",?,?,298128
"The Big Bang Theory",?,?,298072
"NATO",?,?,298003
"Dog",?,?,297772
"Nicholas Hoult",?,?,297410
"Czech Republic",?,?,297064
"Ghosted (2023 film)",?,?,296930
"The Three-Body Problem (novel)",?,?,296824
"Rachel McAdams",?,?,296716
"Harry Potter",?,?,296600
"Indiana Jones and the Last Crusade",?,?,296483
"Nazi Germany",?,?,296443
"The Menu (2022 film)",?,?,296387
"Katherine Heigl",?,?,296318
"Telegram (software)",?,?,295927
"Wednesday (TV series)",?,?,295836
